-0.45481,1.984,1.4371,2.9213,1.2823,-0.42411,-0.29486,-1.2661,-3.3518,-2.4563,-1.489,-0.157,1.631,0.5609,0.034172,-0.36064,-0.3025,-0.59207,0.53064,2.7413,-1.2004,-0.60722,0.4848,-2.3072,-0.52404,-0.19609,0.12093,1.8341,0.30718,0.58903,-1.2695,-1.4417,-1.6545,-0.91909,-1.7384,-1.1388,0.25228,-1.1224,1.1669,0.33226,-0.26937,-1.4472,-1.1025,2.8192,-0.21644,0.47687,-1.4962,-2.9767,-0.65125,-3.3922,0.57229,-1.6025,1.074,1.125,0.43114,0.64222,-0.8195,1.7447,0.059656,0.47477,-1.292,1.109,-0.34011,0.7542,0.15624,-0.14998,-0.044998,-1.0599,-0.1183,1.3378,0.27469,0.17288,-0.19857,1.9307,0.58957,0.94243,-0.62151,-0.39566,-1.3834,0.24531,-0.033599,0.1839,1.521,1.3509,3.4401,2.2768,0.4077,-0.64762,-0.21332,0.018654,1.3125,-0.32385,-0.36066,-0.88278,-1.0331,-1.2257,-0.77356,-2.8447,-1.3766,0.14883,0.16001,0.9867,0.15071,-0.38242,-1.5246,0.90453,2.4654,0.60358,1.1144,1.2388,1.6016,-1.978,-1.3103,-0.092517,-0.2316,0.66677,0.82722,-1.0992,-2.0557,-1.8567,0.075411,-0.62048,1.1097,0.96097,0.74863,1.6989,-2.0551,-1.4371,-0.80561,-0.21185,0.36911,0.33262,0.0063495,-1.1051,0.66278,0.3197,-0.74384,-1.0092,-0.91909,-1.7833,-0.84277,0.66352,-0.16482,0.88257,3.344,0.52203,0.69312,2.5149,-1.794,-0.8027,-1.7069,-2.3717,-0.96561,-1.5151,-0.72758,-0.03449,0.58287,-0.52427,0.83041,0.66641,0.21546,-0.13292,-0.30445,-1.2792,-2.7914,-1.8269,-0.40919,-0.021998,-0.21732,1.2302,0.074306,0.23473,-0.98692,-1.5198,-1.3962,0.29299,-0.16526,-0.17587,1.7891,2.0668,-1.6467,0.80239,-1.2168,-0.69182,-0.49475,-0.46946,-0.05851,-1.082,0.16371,0.7269,0.78272,-1.0429,-0.69646,1.4955,-0.048927,0.4146,-1.139,-0.19854,0.57623,-1.3995,-1.7153,-1.0567,-1.768,-3.088,-0.36779,0.31941,0.20499,-0.41279,1.0413,1.3183,0.78056,-0.59171,0.71015,-1.3636,1.8563,2.5964,1.9493,-0.77709,-0.14886,-0.57982,-0.60857,-0.42192,-0.79497,-0.40852,0.1549,0.1362,0.18646,-1.1342,0.98344,0.22688,2.2381,1.1577,0.097444,-1.0475,-0.14688,-2.7457,-1.3625,-2.3512,-1.0126,-2.0816,-0.73958,0.44378,-0.21445,-0.52778,-1.6749,-0.61662,-0.010132,1.1539,2.1001,2.9538,0.87445,0.71433,-0.12669,0.18608,-1.2741,0.98305,-1.0075,-0.59791,-1.4623,-0.43933,0.9249,1.444,1.911,0.16033,1.1317,-0.29569,1.4144,0.71552,0.45023,1.3952
-0.59783,-0.62942,-0.97667,0.87151,-0.00061009,0.068919,-0.19925,-0.56249,-0.040026,1.0427,0.51525,0.42678,-0.38944,0.94475,0.0032186,-0.66912,0.95426,-0.79348,-1.7981,-0.60828,-1.3768,0.092988,-1.0233,-1.3047,-0.60103,-0.048656,0.40763,-0.052099,-0.070247,1.6857,-1.1159,-0.12881,0.6044,0.399,2.5149,1.098,0.96469,0.53062,1.2694,0.9851,-0.84319,-0.6482,2.2342,1.6721,0.99028,0.14131,1.1231,0.30158,-0.89754,0.33377,0.78445,0.49021,-0.17521,-1.9925,0.2599,1.3024,1.1171,-1.5828,1.3922,1.0504,0.6616,-0.59715,-0.28637,-1.1267,0.12152,1.4541,0.34999,0.71196,-0.12693,0.059938,1.2826,-0.055571,-0.085789,0.8402,0.91189,0.75034,0.819,1.0385,-0.7461,0.84102,1.4318,0.020023,0.77646,-0.58981,0.62426,0.4791,1.0549,1.115,-1.6343,-0.80493,-0.13868,-1.7026,-0.20196,0.11497,0.0067645,-0.99682,-0.33851,-0.53038,0.78864,-1.3445,0.53806,0.4084,-1.2359,0.1385,-0.53651,-0.36715,-0.91382,0.7244,2.2829,0.74315,-0.99124,-0.73097,-0.40465,-0.37038,-1.2954,0.18151,0.45093,0.18492,1.0893,0.3836,-0.0074911,-1.8569,0.14886,-1.3938,0.23401,-0.20983,0.50954,1.1501,0.44712,-1.5799,-1.4119,-0.25713,0.82231,-0.45224,-0.30012,-0.322,-0.46977,-0.35824,-0.8429,-0.31718,-1.3271,-0.60155,0.63224,1.0557,0.99826,0.12603,1.3983,1.0194,2.276,-0.037402,-0.75816,-3.3686,-1.2633,-1.1085,-1.2741,-0.93319,1.6408,0.26761,-0.42622,1.425,0.10275,-0.21112,-1.1664,-0.94123,-0.664,-0.2767,-0.033528,0.36048,1.2489,-0.76008,0.9304,1.9605,-0.64963,0.11881,-0.71724,-0.61802,0.39,-1.1924,0.27794,0.61885,1.0877,0.84003,1.1312,-0.40218,-1.0567,0.93769,-0.77164,-2.79,-0.64664,-0.5918,0.30921,-0.65463,-0.80564,0.8213,-0.44756,-1.1269,-0.66071,0.22266,0.17644,-1.2749,-1.3093,-0.96938,0.35718,-0.78999,-2.7396,-1.0324,-1.6824,0.91405,-0.9909,1.8814,0.11131,0.051937,-0.096799,-1.6681,0.17675,0.042468,1.7967,-0.37814,0.3084,0.018591,0.74376,1.901,-1.1362,-0.73033,0.66667,0.41287,-1.2891,-0.28457,-0.49929,1.6866,-0.35253,-0.026508,0.6527,0.7553,0.76157,-1.0962,-0.85555,-2.2624,-2.1795,0.15926,-0.95646,-1.445,1.0035,-0.99291,0.97184,-2.1639,-0.17902,0.26717,-0.096404,1.5453,1.625,0.67648,-0.25875,-0.081623,0.1847,0.51405,0.57983,-0.26631,0.31585,-1.1975,-1.0347,-2.5953,-0.095006,0.06645,-0.4489,0.19738,0.90185,0.88303,0.30208,-0.81096
0.73711,-0.83629,-0.22398,-1.5076,0.20134,1.046,2.5112,2.2868,-1.1467,-0.39192,-0.64299,0.075328,1.504,0.77171,-0.96142,-1.7109,-0.8961,-4.0155,-0.77248,-0.2684,0.34074,1.0405,0.19108,0.77986,-1.7494,0.49982,0.37098,-1.0347,-0.94854,0.38749,-0.60217,-0.70331,-0.54004,1.4151,0.81234,0.66356,-2.8732,-1.2336,-1.0911,0.35171,1.8625,2.2573,-0.2916,2.3771,0.066384,0.57805,1.3455,0.20688,1.3021,0.28813,-0.26566,-1.9056,-1.7514,0.096018,-1.3451,-1.1914,1.6391,1.0378,0.17175,0.035886,1.5588,0.30037,0.49246,0.39734,2.4688,-0.36921,1.624,0.59492,-0.29723,0.2472,1.0554,0.24198,0.70812,-0.31513,-0.76295,1.2705,-0.9373,0.73576,-0.15503,0.55489,-0.98633,0.37628,-0.29781,1.2059,1.1669,0.21463,-0.59724,-1.3527,-0.6475,-0.076392,-1.1818,-0.221,0.59528,0.66035,-0.1582,0.8953,-1.883,0.55363,-0.49397,-0.021765,0.36635,-1.4399,-0.54995,-0.0099772,0.55631,-0.084504,0.019368,0.53503,-1.7852,1.3924,1.6443,1.8945,0.58078,-1.2224,-1.5027,0.34338,0.10831,-0.01896,0.18602,-0.97346,-2.2788,0.82947,0.077806,0.43324,3.055,0.30996,0.27442,0.56508,0.048282,0.25944,0.06081,1.4739,0.59613,-1.7974,-1.2941,-1.4987,-0.5642,-1.9637,-2.1969,-1.4943,0.31285,1.1311,1.0369,0.60001,1.7166,3.3608,3.3168,-1.4445,0.037232,-1.8711,-2.1773,0.47234,-0.44186,-0.5522,0.14278,-2.1435,0.19089,-0.89936,1.3461,-0.33496,-0.5482,-0.269,-2.5831,-1.9154,0.0024746,-1.0676,1.2614,1.5586,0.10065,1.4171,-0.30017,-1.2044,-2.2853,-1.865,-2.4578,-3.31,-0.73252,0.44792,-0.64273,-0.80804,0.48337,0.58865,0.75667,0.003783,-1.5721,-0.066293,-1.4774,-0.012687,0.55539,1.2195,0.52435,-0.90738,0.038413,-0.28896,0.10437,0.6202,-0.42046,-0.82896,0.19897,1.9423,-0.94178,-1.6538,-2.1759,0.11513,0.24058,-0.39876,-0.22931,-0.55761,-0.16589,-1.4238,-0.72408,-1.2484,-0.21346,0.061874,0.55136,-1.7504,0.56684,-2.184,-0.39028,1.9576,-1.414,0.0030531,-0.89567,-1.4509,-1.6271,-1.2473,1.5539,2.5332,0.33663,2.0337,0.59424,0.61633,0.29973,-0.67674,0.90748,0.053379,-2.0017,-1.7257,-0.94707,-2.1847,-0.31473,-1.367,-0.86652,-2.3775,-1.8084,-1.3023,1.8178,1.867,2.1454,0.7976,1.5787,-0.56322,-0.89939,-1.194,-0.47829,1.973,1.7317,-1.2365,-0.47636,-0.96609,-0.82369,1.4607,-2.0372,-2.2941,-1.0577,0.95802,-1.0735,0.011042,-0.48924,0.29619
-0.018733,-0.49378,-0.16038,0.056774,1.2604,1.5951,-0.11214,1.7489,0.35381,-0.94321,-0.02205,1.3844,0.31532,-0.0078464,0.15767,0.060571,0.066415,0.37268,-0.13772,1.1983,-0.42663,-0.35195,-0.6133,0.39533,0.78838,-0.27108,-1.1565,-1.1227,1.4545,0.2851,-1.0572,0.28221,-0.75757,-0.61657,0.427,-2.4557,0.027685,0.53815,-0.3922,-0.58321,1.5034,2.2833,0.76581,1.6106,0.089308,0.078224,0.45161,1.1084,1.1455,0.46068,1.6957,-0.16814,-1.4996,0.76386,0.88036,0.17085,-0.23326,-0.7001,-0.76887,-1.2535,0.2424,0.87827,-1.072,-1.2585,-0.87445,0.63697,-0.42595,-1.3057,0.92871,0.54739,0.55728,1.8693,0.51638,0.38135,0.0075295,-0.12579,1.4524,1.2829,0.62344,-0.38134,1.4653,1.5357,-0.050813,0.69479,-0.99819,-0.4034,-0.032394,-0.34654,-0.2766,-0.26139,0.5175,-1.5175,-0.30432,-0.5591,1.4733,-1.9307,-0.12135,-1.6219,-2.3367,-0.1812,0.26413,-0.32618,-1.1627,3.0453,0.82407,1.7789,0.89002,-0.91527,-0.34126,-1.5981,-0.24905,-0.99764,-0.049637,1.6214,1.8211,0.73417,-0.12286,0.40891,0.50315,-0.4078,-0.52918,-0.75648,0.20139,1.0379,-1.2233,-0.44066,-0.63008,-1.2327,-0.31098,-0.68761,1.084,-0.32399,-0.4374,-0.95014,1.2098,1.1757,-0.12108,1.1537,1.1808,-0.72373,1.382,-0.75264,0.49453,-1.8987,-1.3366,-0.6437,-0.14779,-1.6407,-0.36998,0.16919,-2.1003,-1.1613,-0.0089482,-2.2706,-0.86013,1.4589,1.2402,-0.93605,-0.47096,-0.54298,0.39037,0.12398,1.3243,1.9677,0.58386,1.1626,0.93903,-0.87982,1.0193,-0.853,-1.2243,0.24312,-0.58356,1.275,-1.3613,0.53038,1.3355,0.68255,0.18499,0.34347,-1.0559,0.52606,-0.46847,-0.68434,-0.7815,-1.2131,2.0169,0.57317,1.2922,1.1353,0.95808,-0.070392,0.31366,-0.81891,0.51264,-1.4554,0.26171,-1.1316,-1.0988,-1.029,-1.3489,-0.33783,-2.0816,1.3539,-0.39759,-1.3749,0.81655,1.7466,0.2318,-0.66506,-2.0285,-0.41312,-0.071255,1.5164,0.9743,-1.1235,0.89622,-0.9196,-0.49878,0.36248,-0.15045,0.88329,-0.11712,0.20211,1.2167,0.74466,0.026061,0.76297,-0.87555,-0.092774,-0.65473,1.4905,1.8982,2.4191,-0.37698,-0.49273,-0.81791,-0.48506,1.4152,-0.49183,-0.044331,0.67283,-1.4889,1.6226,1.4407,-0.10727,0.044199,0.70819,0.44212,1.7311,-0.12954,0.40678,-0.13402,-0.045275,1.1977,1.7046,0.06533,-0.15881,-0.092144,0.070678,-0.057222,-0.57147,-0.43102,-0.22798,-0.53379,2.0461,0.0098527,0.92599,2.4786,0.65012
0.084312,-0.20535,-1.4853,-0.62885,-1.3062,-0.26739,-1.0108,0.18689,0.25724,1.7071,1.9959,1.0742,-0.51297,-0.29017,0.42367,0.985,-0.4282,-0.19777,-0.13774,1.9559,1.8596,-3.9386,0.32628,1.6915,0.79785,1.0564,0.97123,-0.9083,1.1173,-1.0951,-1.0606,-2.553,-2.1057,-1.7192,-0.70623,-0.57333,1.6418,2.4398,-0.17029,-0.21746,-1.0416,-0.49797,2.3961,1.3644,0.32509,2.0175,-0.13306,1.0729,0.85698,0.81524,1.6822,-0.90414,0.8956,0.14006,-1.0917,-1.0147,0.23059,1.452,1.6845,0.079959,2.2545,3.7671,0.96407,1.3087,0.6902,-2.3422,0.42233,0.44258,0.69326,-1.2648,-1.5025,0.20355,1.3931,-0.074987,0.96486,-0.42184,1.15,0.4278,0.92953,1.0674,-0.85824,1.7545,-0.074622,-0.62094,-2.0007,-0.086402,-0.58867,0.61521,-0.13411,0.053665,-0.61188,-0.081583,0.42284,0.58017,1.8117,1.0912,1.9717,1.1637,0.58453,-0.31126,0.0056338,-0.0064018,1.0216,0.86902,1.2629,1.4861,-1.7981,0.2836,-0.66362,1.5645,-0.1206,-1.7398,0.76186,0.11964,-0.26444,-0.40239,0.14626,1.8847,1.8925,1.9193,-0.19838,1.3419,0.38711,0.40381,-0.23938,-0.11975,1.8828,-1.2282,-1.1267,-0.065225,-2.343,-1.1718,-0.88779,0.32079,0.52757,1.3379,1.8371,1.7824,0.28862,0.65864,-1.626,-0.20953,0.41909,-0.81747,-2.4865,-1.487,-1.0798,-0.34889,0.87618,0.6239,0.77023,1.5237,0.61653,0.12968,0.26727,0.43858,-1.3258,-0.27895,-0.39852,-0.75915,0.87941,0.37713,1.8104,1.8067,1.1948,-0.94282,1.1765,0.582,-0.097534,-0.61821,0.28082,0.90868,-0.62835,0.13663,-0.40487,-0.5187,0.31595,-0.18912,-2.7431,0.27212,-1.1741,-1.6251,0.45118,0.98718,1.622,1.3814,0.7278,0.66803,-0.25776,-2.4229,-3.4155,-0.12669,-0.62372,0.019772,-0.034367,0.31005,-0.18394,-1.2124,-0.89591,-0.042855,0.048063,-0.5754,1.9697,-0.15924,-0.92627,0.95522,-0.38936,1.0004,0.89984,1.2412,-0.27775,-0.2461,-0.85922,0.58486,-1.2597,-0.72736,-0.68369,1.7214,-0.15852,-0.10582,2.3085,3.6696,1.2277,1.0791,0.95566,1.9487,0.025891,-1.391,-1.1738,-0.66942,-1.7381,-0.56958,0.90776,-0.26781,-0.025729,0.26303,0.67853,-1.1266,0.26224,-0.19746,-0.56628,-1.3691,0.21074,1.9075,0.83756,-0.087672,-2.065,-1.791,-0.28717,-0.16625,-0.68689,-0.46926,-0.60132,0.14404,-0.515,-0.22896,0.71365,-0.035033,0.76259,2.0164,-0.38184,-1.4648,0.06345,1.3485,-1.0412,-0.61036,-0.53976,-0.16826,1.9921,-0.028003
-0.59162,-0.38101,-1.4921,0.45988,-0.1252,-0.3807,-0.74739,-0.38834,0.43361,-0.32826,-0.88447,-1.0268,0.6351,-0.36271,0.0091121,-1.5723,0.27868,0.99349,0.87379,-0.21414,-0.26389,0.46257,-1.0122,1.1129,0.34218,1.1779,-0.40529,-0.69479,0.008859,-1.1826,1.0598,0.4245,-0.27122,0.97783,0.4035,2.8574,1.3839,0.37967,0.94563,1.7286,0.42863,1.5401,0.55944,1.6541,0.86853,-0.9107,0.80767,-1.2674,0.41221,1.1111,0.96316,0.67448,-1.0632,-0.61431,-1.2302,-1.4561,-1.0191,2.0169,0.59041,-2.0919,0.3552,1.1757,1.8721,-0.10132,0.46573,-0.012914,-1.5229,0.014571,1.6649,1.537,0.82669,1.6454,-0.36598,-1.0901,-1.0523,-0.80544,-0.58186,0.89106,-1.3641,2.4811,1.1307,0.41964,-1.3799,-0.086812,-0.61234,-0.51291,0.036888,1.4595,0.29636,-2.5087,-3.2126,-0.52577,-0.80257,0.44231,1.0687,0.92446,1.0609,1.5431,0.65279,-0.1005,0.94661,0.20995,0.88471,0.43562,-0.32428,-0.55877,0.31385,-0.72487,1.5317,-0.40964,-0.38998,0.83382,2.4037,-0.58435,1.191,1.2541,-0.66664,-0.070327,2.2,1.4538,-0.082518,0.54628,1.2251,0.71769,1.1279,-0.34144,0.87694,1.782,-0.48202,1.4877,0.92131,0.21749,0.52569,-0.07158,-0.12287,0.53826,0.52597,-0.65624,0.42148,-0.4887,-1.215,1.4735,0.14984,-0.56389,-0.50186,0.024767,0.02251,1.3872,1.644,0.73002,0.77545,2.3944,-0.74023,0.48073,0.59388,-1.0311,0.24363,0.09822,-0.85357,-1.6832,-0.68217,0.99926,1.7209,0.27004,-0.58689,0.28386,-0.56126,1.463,0.27451,-0.52568,0.31267,0.71067,2.1571,2.1166,0.44764,1.0052,-0.31032,0.34984,0.49628,1.5884,-1.0099,-0.086437,1.1334,0.42636,0.79157,1.2729,1.3868,0.34381,-0.55235,-1.1882,0.064139,-0.6653,1.7054,0.56388,-1.774,0.86862,-0.28071,0.94911,-0.50322,2.0905,-0.90044,0.43466,1.6093,-1.9082,-1.4526,1.655,-0.19531,-0.12234,-0.7588,-0.47937,1.1015,0.027471,-0.56188,0.58739,-1.3715,0.71653,0.48607,-0.92992,-0.3945,-0.22845,-1.7371,-0.23244,0.21536,-1.1409,1.2079,0.048584,-1.2776,-0.44963,1.158,-0.66538,-0.69804,-0.48018,-0.96923,0.71291,0.43444,1.5117,-0.10524,0.57881,-0.56593,0.63777,0.29177,-0.3769,-0.60415,0.45355,0.66515,1.4306,-0.0768,-0.076612,-0.7627,1.0146,-0.25056,-1.1141,-0.2517,1.2593,1.8164,0.62593,1.0467,0.64035,2.3612,2.5803,0.63362,-1.0802,0.02662,-2.2549,0.32354,-0.8201,-0.39366,-1.6976,-0.82093,0.29526
0.011352,-0.28222,-0.61157,0.98587,0.38727,0.28,0.28389,-1.576,0.52352,-0.26531,0.058604,0.28521,-0.80627,-1.477,0.36331,-0.49185,-1.9134,1.2019,1.089,1.5969,1.0712,-0.14398,1.9485,0.37532,-1.8078,-1.4481,-0.87829,0.047284,0.15065,1.1363,0.042153,1.3267,-0.67075,-0.75703,-1.4561,1.0308,-0.3194,1.1278,-0.126,1.0239,1.3703,-0.23734,1.2967,1.9322,-0.96978,-1.2848,0.94544,-1.2273,-0.51935,-0.70223,-0.085762,0.78802,3.5017,1.1237,-1.3657,0.43432,0.23357,-1.1433,0.068084,0.7012,1.2324,0.56054,-1.5206,1.8563,0.54254,-0.47372,-0.36282,0.26004,-0.35179,0.61965,-0.33215,-0.40276,0.05356,-0.59466,-0.81725,-0.16251,1.1324,1.0401,-0.67704,-1.8959,0.31853,0.73393,-2.2298,-0.63344,-0.25174,0.33564,0.13087,0.3442,0.64922,-2.7096,-1.5938,0.37294,-0.62469,0.49289,-1.0459,-1.5375,-0.65679,0.15844,0.12362,1.1184,1.8398,0.23707,-0.27942,-0.66969,-2.1841,-0.43236,1.4129,0.94579,-2.2311,0.19564,3.1464,0.63483,-0.461,0.039908,1.4293,0.53074,-1.1285,-0.44653,-0.027714,0.619,1.4271,0.62797,0.48435,-0.11166,-1.3032,-0.28128,-0.071262,-1.8664,-0.84802,1.2822,-0.040888,-1.2083,0.011978,1.8476,1.083,2.0335,2.4093,-0.014818,-1.1231,-0.88357,0.11054,0.60475,0.64703,0.93742,1.5542,0.0086152,-0.87032,-1.2236,-1.3175,-0.22305,-0.1123,-0.17804,-2.0461,0.2372,-0.68031,-0.017713,-0.55156,-1.3441,-1.0258,-0.12883,-0.11256,2.1583,-0.27385,-0.65896,-0.34157,-2.5509,-1.0108,-0.62853,0.069296,-1.6723,-1.07,0.49032,-0.79537,-0.90914,0.28083,0.68767,-0.15436,-0.032384,0.63997,-0.10875,1.449,0.61257,0.11316,-0.55385,0.39489,-0.51113,1.5199,0.53587,-0.33794,-0.40863,-0.17742,0.84017,-0.085704,-0.13384,0.85869,-0.53223,0.3018,-0.95061,-1.0165,1.3579,-0.71614,0.4966,0.77205,0.81385,-1.6007,-1.0544,-1.4463,-1.7489,-1.0131,0.74781,1.5791,0.79284,0.48204,0.68846,-1.033,1.2656,1.2697,0.84501,-1.3873,-1.7051,0.80869,-1.8947,0.2793,1.9643,-0.16866,-1.2651,1.0819,-0.12948,-0.42808,0.90487,-1.0332,-0.56151,-0.35786,0.65977,1.5482,1.0685,0.95131,0.95784,0.098147,0.51033,-1.9528,-1.9427,0.57739,0.86704,0.21924,0.48541,1.2143,0.40563,-0.20172,0.77593,1.602,-1.1117,-0.97201,0.28845,-0.18013,-0.72582,0.46509,-1.4458,-0.20432,-2.3273,-3.0737,0.64314,-2.0323,-1.7714,0.43967,0.084267,-1.8932,1.9039,-0.85651,-2.179
0.54128,-0.7311,-1.7607,-1.5237,-0.1909,-0.95479,-2.0724,0.2913,0.44477,-0.015766,0.28698,-1.8039,-0.76283,0.22401,1.7186,-1.0442,-1.0007,-1.4924,1.3993,2.5681,0.73875,1.0595,0.32486,0.27903,-0.64444,1.0795,0.042629,1.6267,-0.32914,0.77648,0.52066,-0.56456,-0.95406,0.15784,-2.3055,0.63389,-0.9726,-0.25921,1.7534,1.9913,0.4455,1.9996,1.1331,2.247,-0.61953,1.7952,0.51912,-1.6174,0.7411,-0.54647,-0.61399,-0.36682,-1.001,-1.5649,-1.1369,-1.5408,0.67688,-0.14169,0.53881,-0.017965,0.36351,-0.15367,-1.6812,-0.32608,-1.7312,-0.13053,-1.5014,-0.70232,-0.75804,-1.1182,-1.5773,-1.6462,1.5292,-0.037014,0.7085,0.91266,-0.66749,-1.0127,0.55084,0.7645,-0.26779,-1.8115,-0.78146,0.01801,-1.7295,-1.9953,-0.67196,-1.198,-1.1389,0.54495,0.68057,2.0098,1.4118,0.08069,-1.0263,1.3394,-0.4438,-0.46178,0.83791,-0.36495,-0.64714,-0.92196,-2.8972,-0.28703,3.1598,0.75272,-0.038907,-0.24467,1.7937,1.4697,-0.82955,-1.3243,0.37467,-0.046692,-0.45843,-3.8833,-1.8713,1.4991,0.63514,0.54203,-0.212,0.36932,0.42995,-1.9324,-0.56242,1.0118,-0.68797,-0.15197,0.18601,1.1691,0.50737,0.47677,-0.67135,0.36406,1.1339,-1.6597,0.9606,-0.71591,-0.93676,0.53443,1.9601,0.35928,1.3361,0.57823,0.27604,2.1112,-1.3955,0.099091,1.9271,-0.29159,-2.4876,-1.4985,1.9692,0.98227,3.4163,1.7348,1.3701,-1.5389,-1.1661,-0.68253,0.143,-1.1613,-3.0058,-0.36911,-0.82943,-0.70013,0.1353,1.8555,-0.019843,-0.74753,-0.5363,0.37971,1.1378,-0.60174,0.51559,0.17989,-0.081899,0.77076,0.91123,1.2403,3.3258,0.12016,-1.0394,-0.82694,-0.67899,-0.49748,0.97393,1.1918,-0.7109,0.64228,-0.5924,2.0206,0.66167,-0.84228,-0.51604,0.023167,0.63956,-0.18251,1.3207,0.89169,0.5753,-0.39452,-0.40154,-2.8125,-0.71003,-2.1331,1.3959,2.4912,1.3828,-0.976,-1.5904,3.0304,-0.58314,0.55564,2.5588,1.2,-0.35142,0.01292,0.99226,0.56936,0.27222,-0.28312,-0.28823,-0.62606,0.37495,0.21504,2.5471,1.0755,0.20912,-3.584,-1.2174,-0.42436,0.68822,0.17658,2.2596,0.87785,0.52832,1.3279,0.78236,0.99037,2.3537,-0.45283,-1.2863,-2.1207,-0.62177,0.48954,-0.8477,-0.18121,0.77913,-0.56878,0.39316,-1.5846,-0.56123,0.78965,2.0335,1.1448,1.4032,1.4573,-1.2699,-0.86514,-0.57285,-1.236,0.45155,0.62933,0.20311,0.93403,0.85275,-2.9435,-2.4195,-1.1452
0.20129,-2.3103,0.30665,1.3744,-0.074345,-0.26305,-1.8597,0.17883,1.4262,0.096447,0.49521,0.79192,1.0789,1.6323,-0.42608,0.24023,-1.9219,0.99279,-0.59464,-0.20568,-0.30313,-0.0051965,1.221,-1.6643,0.81969,0.33985,-0.19315,-0.85225,-0.1437,0.024975,1.6526,3.4163,-0.11919,1.331,2.5052,0.66996,-0.13374,-0.16642,-0.30882,-0.69652,-0.51794,1.6125,0.92108,0.59337,0.70604,2.1374,-0.59726,-0.26683,1.7819,0.00672,-0.036328,-0.36574,-0.27335,-1.1593,-0.012788,1.5385,0.46541,2.3255,0.075403,-1.411,1.1768,1.0106,2.1617,0.43892,0.58612,-0.6587,-1.0005,-0.92396,1.1875,1.3822,0.39771,1.4616,1.3031,-0.50654,0.89663,-1.1876,-1.0711,0.73134,-0.61932,-0.29867,0.00097343,-0.55352,1.1042,1.0066,1.1467,-1.918,-0.32895,1.3742,0.70197,1.6132,-1.0914,-1.899,-0.10846,1.5813,0.84741,-0.60444,-0.34067,-0.62789,-1.2941,-1.0315,-0.26333,-1.306,0.63524,-0.75538,1.6337,0.21785,-0.8884,-1.7665,-1.556,-0.61927,-0.60704,-0.45882,1.0742,0.077841,-0.86286,-1.8514,-0.47578,0.44079,0.51521,-1.5717,-1.282,-0.55688,0.021444,-1.1529,-0.81414,-0.38989,0.35728,0.10636,0.039577,2.3939,-0.7845,-0.66619,0.77886,1.569,1.6021,1.429,-0.44697,0.40362,-0.091291,-0.66684,1.3064,-0.38648,0.085777,0.63033,0.34169,-0.13549,-1.0632,1.5853,-0.66033,-0.45526,1.2123,0.65806,-1.0064,-1.6265,-1.4258,-1.7055,-2.1044,-2.2814,0.59555,-0.85131,-0.44112,-1.8455,1.4236,0.32694,-0.7876,-1.0221,0.28214,0.65361,0.62881,-1.3923,0.47476,1.7301,1.2506,-0.32065,-1.8828,-0.13478,-0.39117,-1.7887,-0.19429,0.32913,-1.3847,-0.43425,0.17369,-0.63506,-0.87016,-0.18529,1.0418,2.5033,1.3365,1.5021,1.8068,1.1938,-0.24824,0.84334,1.494,0.57727,-0.096643,-0.63919,1.1528,2.2201,1.2974,2.5652,1.23,1.977,-0.072894,-0.48969,0.96299,1.6028,2.3665,-0.54799,0.95459,-0.56025,-0.36597,1.8548,1.5913,0.83593,-2.9436,-2.1705,-1.769,-1.9339,-0.73359,-0.9675,-0.17085,-1.2427,-0.12663,-1.9598,-1.0464,0.42655,-0.48363,0.38175,-0.3205,1.4421,0.10025,-2.032,-0.97882,-1.1298,-0.54403,1.6292,-1.4557,-0.64557,0.11886,0.92272,-1.9501,-0.054296,-0.16317,0.26926,0.36741,-0.39138,-0.012335,-0.2592,0.62022,0.90579,1.0902,-1.143,0.1634,-0.43463,-3.1146,-2.1145,-1.4226,0.25858,0.68378,-0.78995,0.39877,-0.091753,-1.0563,-1.0376,-0.82656,0.075648,-0.34278,0.12811
1.1943,-0.81666,-0.33336,-0.64003,-0.26964,0.6694,-0.31655,-0.73079,-0.75094,0.42938,0.12431,-0.095394,-0.62138,-1.7565,0.62429,0.56207,1.8084,0.98515,-0.98241,0.33572,0.21198,-0.80744,-0.46645,-1.1257,1.1874,-1.8406,1.4432,0.71922,0.0024416,0.41548,-0.6928,0.16573,0.89691,-0.3916,0.14492,-0.39639,0.83583,0.60365,-0.73546,2.1759,0.36159,0.58453,-0.95247,0.87183,-1.6678,-0.27504,1.2502,0.0010874,1.6088,-0.91102,-0.19828,0.042183,-1.1781,-1.1436,-1.6953,1.1333,-0.25603,-1.1475,0.43731,0.32862,-0.71361,0.043369,1.5681,-0.37967,0.23649,0.15225,-0.20117,-2.064,-2.2299,-0.019779,-0.24788,-1.7868,-1.858,-2.2328,1.0979,0.9914,-0.10872,-0.98464,3.0317,-0.19745,1.5504,1.9863,-1.6706,1.6085,0.59366,1.0624,0.11282,-1.5456,1.2768,1.1936,2.0237,2.0602,2.7476,1.5579,-0.2355,-0.49016,-0.94887,0.99944,-0.39792,0.83773,1.4189,-1.0084,0.49455,-0.0561,-0.32793,-1.227,-1.6917,0.28212,-1.0609,-2.3807,-1.2304,-1.5855,-0.93326,0.32219,-0.95703,-0.3541,1.7095,-0.72628,0.36783,-0.63876,-0.5302,-1.5617,-0.62011,0.29019,-0.72626,1.2907,0.062072,-0.70223,0.6126,0.18389,1.0118,0.15728,-0.78836,-1.0081,-1.1779,0.53458,0.44714,-1.207,-0.79143,0.22955,-0.054575,-1.0609,0.66265,2.5744,0.77774,-1.566,-1.0147,0.021308,-0.0044697,-1.0547,0.87553,-0.55597,0.14848,0.86203,-0.54922,-0.083818,0.098838,1.4514,1.3892,-1.2416,0.14803,-1.5454,-0.84098,-0.679,0.2823,0.12368,-0.23629,-0.16349,0.93241,-0.55032,0.39122,0.52161,2.5332,0.076173,0.15622,1.6947,-0.72037,-2.1165,-0.10864,-0.32569,0.27576,-0.41532,-0.74704,1.1345,-0.58987,0.99699,-1.148,0.29946,-0.65443,0.099326,1.2196,0.77279,1.0076,-1.4883,0.72868,0.51523,0.65056,0.27647,-0.28209,-0.78149,0.11811,1.0062,-0.82897,0.84184,0.62782,-0.39517,0.17023,0.064456,0.34855,0.34907,0.6208,0.59087,1.4205,-0.66573,0.17655,1.4909,1.2216,-0.81032,-0.082103,-1.965,-0.65731,0.76479,-0.29048,0.26748,-0.5575,0.61133,-0.84842,-0.45369,-1.2408,-1.9254,-1.5924,-0.27291,1.8005,-1.1108,-0.24083,0.79991,-0.54317,0.16862,-0.37414,0.43566,-2.7422,-0.40071,0.30002,0.026392,0.33396,0.96098,1.173,-0.53107,0.21154,-0.58197,0.38191,-0.11393,1.9929,-0.24181,0.015847,-0.20736,-0.68644,-1.5963,-1.3377,-1.2102,0.46305,1.4497,-1.4017,-1.8983,-0.70519,-1.4885,0.052462,0.038415,-0.81498,0.51047
-0.47686,0.76557,-0.60153,-0.54517,0.20905,1.2223,0.24396,2.0953,0.41688,-0.73461,-0.42443,0.077979,-0.7316,0.022889,0.086661,1.3775,-0.66169,-0.5963,0.84235,-0.24082,0.88555,-1.829,-3.1777,-0.55752,-1.0858,0.17443,-0.61586,-0.37013,0.84967,-2.2134,0.059293,-0.93625,0.7418,-1.1777,1.2256,-0.49397,-0.43389,-0.81096,0.11133,-0.85596,1.552,0.62223,-0.5257,1.2009,-0.61889,1.8568,0.044369,-1.4824,-1.3427,-1.3045,-0.68719,0.40584,-2.7693,-2.6868,-1.1298,0.033876,0.38741,1.4078,-0.37674,1.3176,1.2259,0.38715,1.7912,-0.6772,0.32886,-0.45278,0.81465,-1.1811,-0.56512,-0.54336,0.69973,0.75492,-0.97526,-0.35884,-0.07956,-1.0208,0.022437,1.8642,0.10571,-0.60387,-0.82519,0.55957,-2.2117,0.58654,1.3442,-0.52785,0.034853,0.46047,0.12881,-1.1636,-0.37686,-3.3807,2.4957,1.7161,0.21856,0.25551,0.49127,-1.3566,-0.83898,-0.35117,0.83811,-1.7238,-0.64172,-1.8263,-1.2926,-1.0974,0.11421,0.99203,-2.6111,-0.72361,1.6357,-0.84669,0.20396,0.17417,1.0587,3.6447,0.64321,1.8098,-1.1979,-1.1425,-0.88923,-2.0558,-1.2942,-1.2182,-1.186,-0.61257,-0.33845,0.30383,-0.81899,0.89345,-0.376,-0.19412,1.2171,0.62161,-1.0645,-2.0325,-0.19923,0.21218,0.77548,0.53935,1.6462,1.125,-1.6005,1.1394,1.0508,-0.2868,-0.72485,-2.4169,1.2051,-0.11299,1.3099,0.24247,-0.64914,-0.95827,0.31847,-0.5316,-0.34781,-0.094475,-0.38637,-1.6684,0.75836,-0.0056392,0.80754,0.22897,1.1681,-0.5053,-0.83089,0.36189,0.3547,-1.9163,0.59811,0.24601,1.4249,2.4221,-0.53385,-0.39116,-1.3906,0.48558,-2.3486,-0.64845,-0.89488,1.4687,1.147,1.3081,1.5833,-0.96344,-0.87765,-0.388,-0.40418,0.32959,1.4774,1.2012,0.71989,0.087732,1.3946,0.14487,-0.98364,0.80983,-0.37823,-0.85184,0.15342,-1.4326,-1.7115,-2.5995,0.081598,0.75402,-0.23075,-1.1925,0.0036942,1.2831,0.15359,-0.072505,0.030925,0.17075,0.27906,0.83289,-0.083848,-2.035,0.11587,0.30747,-0.14272,0.66474,0.030464,1.4807,-0.2059,-0.031795,-1.4025,1.829,0.024868,-0.29183,-1.7181,2.387,1.9614,0.74346,0.056644,0.81579,0.085739,-0.73145,0.58224,-0.39571,-1.2307,-1.3067,0.97158,0.18794,-1.7851,-0.80733,0.38101,-2.4353,0.19775,-0.16608,0.50594,-0.11469,-0.21061,1.4482,1.967,0.34955,-0.58722,-0.8143,-0.887,-0.26287,-0.95667,-1.6619,-1.1729,-2.236,1.4663,1.2826,2.6327,2.1673,0.59012,0.70555
1.1746,-1.5778,0.92759,-2.1327,-2.1204,-2.8129,-1.477,-0.4294,0.055589,-1.0949,0.58737,0.87434,2.1468,-0.82047,-0.96034,-0.40876,-0.17376,-0.63519,0.45723,0.73879,1.3316,-1.0352,0.98795,-0.12986,-0.70454,-1.2857,0.99434,0.28584,-0.13063,0.86992,0.81887,-0.18859,-0.836,-1.0076,0.13164,-1.6525,-1.4983,-1.1542,-0.18496,2.3872,1.2301,-1.1209,-0.86032,0.91867,0.12899,0.12192,0.53242,1.9517,0.3591,-0.95242,-0.98726,-0.98679,-2.1655,1.7911,1.4435,1.1312,-1.14,-0.42684,-0.81659,-0.64892,-0.42525,0.077379,1.6167,-0.45644,0.68585,-0.60923,-1.3238,-0.24136,-0.40131,-0.96836,-0.57776,0.24214,-1.3428,-0.31833,0.58139,-0.19757,1.1517,0.7849,0.17782,-1.2651,0.015606,0.301,-0.52792,1.0868,0.62654,3.8046,1.8638,0.7094,2.2034,1.7437,-1.0451,-0.68238,0.26889,-1.5031,1.4235,0.083204,-0.41791,-0.87379,-0.20559,-0.17304,-0.61155,-1.0851,-1.024,-1.8158,-0.205,-0.011968,0.27967,0.42611,0.70679,0.97986,-1.5388,2.0343,1.0058,-1.2395,-1.3844,-0.66582,-0.84952,-0.41582,1.0619,2.8491,2.4111,-0.35357,-0.05557,1.6643,1.9108,1.8769,-1.1997,-0.92563,-0.99004,0.97361,-1.1244,0.18507,0.2628,0.8609,1.1711,0.57511,0.73996,-2.422,-2.3016,1.4676,-0.13432,0.093827,1.1976,2.6171,1.7631,1.822,-1.0812,-1.5853,1.5534,0.78285,0.20336,1.6058,0.96584,-2.1034,-1.4031,-0.59763,-1.4369,-1.2835,-0.51336,-0.78083,-0.19811,-0.84318,-0.41898,-0.98058,0.82813,1.2793,1.2635,1.0365,0.38912,-0.89948,-0.60875,-0.55228,-1.9736,0.72645,1.1642,0.6233,-2.3095,-0.16934,1.493,0.76653,1.2959,-0.18665,1.1351,-2.1588,-0.6546,-1.2657,-1.7036,-2.6242,-1.4602,-2.1219,-1.9981,-0.36099,-0.36587,1.7718,-0.22284,0.56011,1.0301,1.3306,1.4162,2.4576,1.6884,-0.017419,-0.4086,1.0968,-0.32113,-0.56657,0.043737,0.61004,-0.46526,-1.7543,-0.70357,-0.52424,1.079,0.76005,-1.4356,0.58494,0.53398,-1.2902,-0.4274,0.41426,0.71552,-0.70547,0.72355,1.4465,-1.0411,0.11783,-1.2378,-2.219,-1.8568,-0.98812,1.1519,0.20106,-0.62344,0.92449,1.5005,0.84687,-0.92047,1.1533,-0.15685,-0.82112,1.2301,-0.61143,-0.51441,0.60788,1.7728,-1.7955,0.23248,1.8003,2.3361,1.5154,1.9775,3.6171,1.1449,0.40348,0.74845,-0.76264,-0.75449,-1.467,-2.3599,-0.88005,0.83817,-1.0403,1.2852,-0.056202,-0.2462,0.50816,-1.4147,-0.92809,0.12284,1.4549
0.20523,-1.1329,0.58709,-1.3429,0.51029,0.16186,-1.1056,-0.91221,-1.2022,-0.88818,-0.4617,-0.34743,1.0337,1.6928,1.4973,1.9744,-0.92127,0.4652,0.69685,1.1674,2.0582,1.0849,-0.082337,-1.3456,-0.98785,-1.3937,-1.0295,0.67586,0.012404,1.3279,-1.6796,-0.24692,-0.34614,1.3089,-1.7556,-1.1161,-0.8033,0.15382,-0.62195,-0.12401,-0.52492,-0.60766,-0.36679,-1.0911,-0.77116,0.46442,2.4193,1.7014,1.6352,2.497,1.4759,-1.2518,-0.35305,0.45124,-1.2579,-1.5314,1.1395,0.31126,0.43956,0.10879,1.7446,1.6693,-1.5797,-1.4018,-1.9666,-2.1219,-0.024541,1.1045,-0.63091,-0.46446,-1.5698,-2.6442,0.50604,0.19342,1.608,-1.0806,0.8884,1.037,-0.15296,2.0494,0.0023235,1.1954,1.8255,-0.22545,0.63782,0.6429,-2.4602,0.23476,1.1283,1.082,-0.22635,1.6794,1.2581,0.031022,0.64474,-0.035149,0.39836,0.67483,0.035156,-1.0448,-0.68402,0.93271,1.1817,-0.22628,-1.1419,0.098475,0.4778,-0.61679,-1.7769,-2.0919,-1.4446,-1.5491,-1.8513,-1.1365,-1.6237,0.63299,-0.16285,-0.17303,0.23934,-0.4967,-0.67705,-0.08346,-0.55384,-1.2877,-0.36227,-2.5835,-2.5576,1.0437,2.6356,1.0685,-0.23569,1.3747,0.30923,-1.2789,-0.43669,0.033783,0.29962,-0.68355,0.37481,0.80318,1.3319,0.47573,-0.32386,-1.4149,-0.8576,-0.5302,-1.3407,-2.5862,-1.6502,-2.2602,0.44248,-1.1073,0.019438,0.41935,0.40469,0.17977,-2.7926,-0.8635,-0.67003,-0.46522,-0.87194,-0.83645,-1.2996,-0.68991,-0.25826,-0.58899,-1.3597,-0.050994,-1.0028,-1.0327,-0.69971,-0.23253,-0.49713,0.53097,0.90564,0.18637,-0.14592,0.2843,-0.70152,-1.2365,0.11126,0.22156,-2.1812,-3.0907,-0.22665,1.1012,-1.046,0.3455,2.5711,0.3256,1.6507,0.74763,1.2258,-0.083017,-0.11643,0.6175,1.0916,0.9592,1.3662,0.42158,1.9251,0.68559,2.2442,0.066308,0.65989,1.1096,1.0013,-0.088703,-1.2329,-0.01139,-1.3107,-2.3597,-0.47699,0.72471,1.3676,-1.5572,-1.0304,-2.1946,-2.4359,-0.55426,0.46805,-0.54661,-0.80104,-0.48741,0.69147,-3.11,-1.2175,0.076189,-2.2218,-0.71847,-1.6481,-0.72183,0.49674,-0.62119,0.80842,0.25676,-0.087816,-3.0385,-0.4386,-0.41384,-0.89614,-0.46097,2.0103,0.19608,1.3209,0.3728,-0.40475,0.47889,0.80228,2.0734,-0.96857,-0.48622,0.57771,-0.61594,1.6794,0.20544,1.8358,-1.7266,-0.28152,-1.4582,0.44486,0.15836,-1.2015,-0.50887,0.9479,-1.6401,-1.0176,-0.56942,-1.1095,1.0821
1.8238,-0.51785,-1.2775,1.2056,0.70836,-0.8892,-0.81668,-0.60734,1.1176,-0.042444,2.3162,0.23055,0.59312,-0.83879,0.44018,1.2252,1.1496,1.014,0.62528,0.30999,-0.37029,0.45827,-0.28263,-0.48807,0.22746,1.6028,2.7546,-0.25164,-0.86038,0.39981,-0.39494,1.1889,-0.78637,-1.3234,-1.8845,-0.057828,0.24479,-0.72919,0.033083,-0.40286,0.26836,-0.42867,0.37703,-0.76889,-0.24148,0.32475,0.39459,0.42866,1.2163,-0.66479,-1.1245,1.0598,-1.6228,-2.8537,0.17379,-0.58661,1.5543,2.432,-1.5871,-1.1376,-1.9006,-1.4752,-1.1446,-0.69924,1.3983,1.7917,0.16279,1.7766,1.1345,0.21443,0.91795,3.0273,0.43202,-0.52582,-0.50855,-0.94736,-1.759,0.17784,1.7044,1.3208,1.4091,2.1663,1.5413,0.64227,1.9389,-0.2616,0.043111,-1.4483,-1.0311,0.093846,1.966,1.3953,-0.24424,-0.31867,0.43396,1.1939,-1.1187,-0.69061,-0.16443,-0.49505,0.97453,2.0665,-1.0981,-1.1184,-1.2534,-0.25669,-0.24233,-0.61719,0.70272,1.2705,-0.15989,-0.017112,1.8362,1.6105,-0.79578,1.4948,-0.49367,-0.94889,-0.45164,-0.81733,0.43581,-0.52948,1.375,0.24554,-1.4958,-1.4842,-1.6872,-1.0166,0.46528,-0.7886,0.81909,0.29326,0.16948,1.6933,1.9775,2.7571,0.19953,1.7623,-0.52564,-0.30986,-0.09536,-0.15865,-1.8891,-3.4267,-1.0338,-1.5796,-0.78267,-0.55146,-1.537,0.77464,1.8662,4.2983,1.7026,0.30421,-1.1336,-1.7477,0.27036,0.61834,0.49057,-0.36514,-0.20167,1.442,0.91332,0.95061,-0.53509,-0.57411,-2.5223,-3.0233,0.22775,-0.25952,-0.89208,-0.69202,-0.10562,0.042247,0.9787,-0.92576,-0.45793,0.67785,1.4973,-0.10517,0.88068,-0.49152,-0.21358,-2.3467,-1.5879,-0.8042,0.74465,1.252,0.83198,0.72859,0.0094189,0.21659,-0.29779,-0.94874,-0.11522,-0.47297,-0.308,-2.2511,-0.80173,-1.5278,-0.79961,2.9772,2.3031,0.46992,-2.3706,-0.11072,-1.6382,-1.4591,-0.13515,0.22191,1.6254,0.35624,-0.98498,1.079,1.7407,0.26235,1.5843,1.5255,-1.3441,-1.5097,-0.44024,-0.83625,-0.12349,0.04982,2.3472,0.12541,-0.4983,-1.5329,-0.66067,0.76325,1.8656,1.0075,1.5925,0.40063,1.6428,0.22952,-1.579,-1.3657,-0.54566,-0.14121,-1.3691,0.15715,0.13707,-0.36023,-1.1845,0.24811,0.16506,-0.30821,0.19139,1.419,2.0135,0.13994,-0.61218,0.46433,-1.4718,0.38029,1.2984,-0.42794,-0.12627,0.11268,0.62847,0.9693,1.034,0.38359,0.77586,1.0835,0.695,1.3685,0.065479,-0.12844
0.20572,0.10678,-0.26701,0.24366,0.44537,-0.20845,-2.6102,-1.7594,0.40468,1.2238,0.40729,0.074043,0.63759,-0.69386,0.10878,-0.28631,-0.75877,0.44696,0.83815,0.69669,-1.1986,-0.33632,2.2372,0.30382,-0.73505,-1.8524,-1.3065,-0.17884,-1.0418,0.70502,-1.6619,-1.3157,0.19306,0.4726,-1.2338,0.097562,0.00020775,-0.076688,0.35819,-0.34816,-0.41929,0.34427,-0.61952,-0.40729,0.67828,-0.45005,1.0509,-0.3618,-0.86711,0.1323,1.4895,1.0087,0.18301,-1.4334,0.59379,-1.2219,0.086526,0.25375,2.0429,0.84522,-1.8371,-1.6262,-0.89556,-0.53519,0.64841,0.91151,1.5738,2.6141,1.2143,1.6129,0.18213,-0.25044,0.73999,1.1007,0.068016,-0.53938,0.45281,0.050743,0.34793,1.4437,0.30019,1.1858,0.62219,1.8953,0.16121,2.0598,-0.91694,0.31932,0.92524,-0.40018,0.30878,-1.0263,0.72059,-0.047126,-0.24968,1.5242,0.086166,0.22038,-0.55213,-1.7181,-0.17005,-0.2658,-1.3334,-1.1099,0.09181,0.71906,0.89095,1.9606,1.184,0.62981,-0.013048,-1.118,-0.6992,-0.82679,0.86953,0.43472,-1.3131,0.94322,0.20099,1.3537,0.56777,0.67978,0.18716,0.58195,0.79763,1.1636,0.073643,-0.096476,0.82572,-0.70821,0.71091,-0.56894,-0.12115,-0.85744,-0.87656,-2.0431,1.5727,0.18441,0.95323,0.93066,-0.51783,-1.3566,0.74667,0.66916,0.1655,-0.13301,-1.4436,0.62155,0.73747,-0.75483,0.97956,1.8803,0.41777,0.68673,1.5578,0.15854,-0.4927,-0.69922,0.062606,-1.4135,1.0019,-0.38384,-1.7196,-0.94146,0.3243,-0.060451,0.68651,0.017832,1.5524,-0.16283,1.0225,0.1412,0.0029415,1.3202,0.53643,1.307,0.42025,0.40932,0.51221,0.66219,0.7439,-2.6009,-2.4026,0.87992,0.47123,0.93199,-0.43843,0.15337,0.075109,0.81609,-1.669,-0.69972,-0.32641,-0.18465,-2.0737,0.066699,1.4653,-0.3738,0.034601,-0.18202,-0.34899,0.52988,-0.066048,1.5668,-2.1188,1.2122,-0.12177,0.24621,-0.96275,-0.90021,-0.71311,0.54736,-0.034902,-0.24531,1.4243,1.7081,-0.47211,1.0146,-1.1339,-0.026276,-0.4423,1.0994,-0.57315,0.48567,0.67308,-1.4774,-1.3749,-1.5149,0.36962,0.18858,0.31018,0.66533,0.91011,2.0232,3.9232,1.6688,-0.96748,-0.59885,0.11317,1.704,1.5166,0.27869,0.14138,-0.097518,-0.50148,-2.3297,-1.4317,-0.38116,-1.0206,2.7251,0.25414,-0.47431,1.0492,-1.4569,1.5395,1.4414,-0.057861,-1.0995,-0.10368,-0.55634,0.25808,0.63392,-0.40086,-2.3492,0.48032,0.64277,-0.54754,-0.31304,0.066627,0.39531
0.70903,1.6398,-0.91709,0.38603,-0.21012,0.25168,0.84999,0.34117,0.70859,0.86716,0.72051,0.37428,1.3653,-0.95719,-0.17048,-0.13149,0.70614,-0.46515,0.28767,1.2304,-0.62114,-1.7254,0.088636,-1.651,-2.2679,-0.4209,1.4006,-0.23826,2.0474,0.28567,1.1121,-1.1346,-0.25616,0.0086236,-1.6301,0.68456,-0.96627,-1.3486,-0.80948,-1.278,-1.157,0.491,-0.77701,0.70784,-0.86092,-1.4707,-1.656,-0.80048,0.85526,0.72655,-0.17513,0.40999,0.82936,0.3044,-1.2436,0.87287,0.78137,0.096936,-1.2786,-1.996,-0.77513,0.31788,-1.1153,-1.8344,-2.4128,1.3581,0.93092,0.30188,0.23945,-1.6596,-0.14129,-0.12303,-0.043006,-0.70005,0.019101,-0.66149,-1.1107,1.7895,-1.0318,0.14546,1.3434,1.2537,-0.34758,-0.61155,-0.88443,0.69794,-1.3859,1.0169,-2.6309,0.33533,-0.082769,-0.16096,-0.15012,-0.87251,-0.35001,0.10529,-1.9466,0.4798,-1.3651,0.40359,0.57088,-0.44831,1.1836,0.52023,-0.26816,0.11025,1.408,0.2307,-0.31535,-0.26502,0.48132,0.016056,1.1241,1.9388,-0.015176,0.30133,-0.65684,-1.3011,-1.0291,-0.41056,-1.8787,-0.19122,0.91877,-0.76479,-0.12844,1.3336,0.87135,1.1943,0.95028,0.50627,-0.5035,0.89177,0.77658,-1.1603,-1.2839,-0.7303,0.088119,-0.49433,-0.53984,0.57416,0.50886,-0.69653,1.705,-1.4624,0.98071,-0.050337,1.3039,-0.10853,-2.1711,-1.4421,-1.8358,-2.111,0.78679,0.34326,0.062,-0.10877,0.27103,0.79604,-1.3908,1.0248,-0.84353,0.22351,2.1992,-1.3529,-0.30238,0.48359,-0.61421,0.094266,-0.2286,-0.64928,1.9197,-1.6807,-0.3569,0.35493,-0.35749,-0.20592,1.1822,-0.72132,-0.11876,0.24553,-0.18277,-1.0818,-0.65577,-2.2253,0.40335,0.18456,-0.8795,-0.017719,0.38451,-0.81004,-0.33121,-0.073116,-0.25396,0.51817,-0.78278,-0.75013,1.268,-0.30348,0.79223,-0.41686,0.93608,0.64278,-0.74335,-0.90859,-0.053955,-1.1025,1.0334,0.27046,1.3684,-1.6958,0.3186,0.79442,-1.1109,-0.182,1.0502,1.7366,0.023581,1.2565,1.9822,1.1832,1.2724,1.0651,-0.051604,1.0661,0.5776,-0.96414,-0.35426,0.75995,1.8342,3.5726,1.2347,0.71946,0.68651,0.17143,0.36547,-1.3305,-1.7289,-0.30341,-1.2253,1.1632,1.7539,0.16729,2.8221,1.5359,-0.33794,1.4901,0.10178,-1.3335,0.74463,0.35705,-0.23364,0.36307,1.2124,-0.024566,0.97175,1.2593,-1.525,-0.61712,-0.59858,-0.44814,0.15525,2.1205,0.52167,1.594,0.024401,0.47399,0.32698,-1.1819,-1.0697,-0.44422
0.83184,1.419,0.78611,-0.026739,0.32513,-1.392,-1.9028,-0.32991,0.68201,-0.65066,0.53118,-1.4449,0.84134,0.86777,-0.70579,-1.2859,0.43694,-0.051089,0.26065,3.4291,0.43635,0.70915,1.0377,1.5786,1.9478,0.24275,-0.69166,1.0546,-2.5402,0.53846,-0.59736,0.7089,1.2377,0.48021,-0.73843,0.38903,0.018004,-0.11966,-1.613,0.057471,2.0955,1.3594,-0.13648,1.2094,0.2474,-1.5515,0.32504,-0.68736,-0.51278,-1.0521,-3.1196,-1.1934,0.5046,0.29266,0.40286,0.19708,0.61018,0.46094,-1.1964,-0.39779,0.6216,-0.95723,0.40639,-0.21313,0.42335,0.56739,0.6518,0.12117,-0.97477,-0.0021155,-2.2888,-1.2445,0.16908,0.38548,-1.5592,-0.71965,-0.093139,-0.2505,-0.54931,0.35994,-2.6853,-0.87531,0.086546,0.5857,-0.31322,-1.0571,-0.17441,-2.0441,-0.26508,-0.17099,-0.052348,2.2199,-1.8904,0.94074,0.6497,0.34805,1.0209,-0.09139,0.20457,-1.0919,-0.15846,1.7085,-1.1716,0.88135,-0.91544,1.5628,1.2201,-0.62074,2.2624,-0.0017616,1.0675,-1.856,-1.2934,-2.5445,-0.6682,1.4592,0.13825,1.266,-0.27987,1.3578,0.13488,-0.113,0.74842,0.92519,-0.70245,1.2407,-1.2759,-0.39757,1.2281,0.48059,0.88291,0.1506,-0.091233,0.13635,-1.6339,-1.5404,-1.6797,-0.88999,-0.65103,-0.79279,-1.4738,0.15761,0.75339,0.7594,1.7705,1.3588,0.84619,-0.011995,0.56844,1.1449,-1.5691,-1.7339,-0.57762,-1.1588,-2.5924,-1.1043,-0.05859,-1.6783,-1.4683,-1.5421,1.8977,1.0073,1.6818,0.13476,1.2957,-0.6946,0.10556,-0.43074,0.74253,0.82239,-0.19928,0.23832,-0.053559,-0.71955,-1.0428,0.41498,-0.84456,-0.79089,-1.5775,-1.0316,-0.48509,-0.59458,-0.52064,-1.2854,0.20695,0.53124,-0.1541,1.0208,0.13875,0.30276,1.146,-0.43971,0.83956,-0.72889,-0.53198,0.89606,-0.20684,0.63604,0.47253,0.64902,1.8572,0.41313,0.71681,0.19748,0.61524,0.23021,-0.54814,0.31543,-0.75828,0.59708,0.71685,0.10231,-0.79529,0.3423,1.365,-1.2829,-0.89022,-1.212,-0.72009,-0.007139,-1.4116,-0.042947,-0.11366,-0.10461,-0.5319,-1.4299,-0.67104,-0.15408,0.44518,0.59956,0.14589,-0.94789,-0.028651,-0.74193,1.5838,1.2165,0.61094,0.84912,0.19441,0.2119,0.73804,3.5577,-0.56352,0.53061,2.0628,-0.51401,-1.2751,0.85439,2.2179,-0.3273,-1.1521,-0.080639,-0.95067,0.47719,-0.14938,0.16964,-0.028295,1.0585,-0.030683,0.74376,-0.4437,-0.53066,-1.2172,0.86933,0.1847,2.0579,-0.81637,-0.47351,0.18399,-0.031817
0.53516,-1.6336,1.4554,0.95131,1.1013,-0.10945,0.76253,-0.13231,0.56671,1.8612,-1.5135,-1.038,0.66479,-0.49781,0.14807,0.12106,-0.24647,1.1973,-0.21594,0.21351,-0.78746,0.58529,-0.91605,0.21018,0.10089,0.16952,-1.4931,-0.87598,0.98121,1.3302,1.2616,-0.19028,-1.3571,-0.89342,-0.37614,0.16332,1.4956,0.32204,-0.20133,-0.4044,-0.47958,-1.4822,-1.001,-0.19587,-0.61078,0.42499,-0.43759,-0.017233,-0.075536,-0.2514,0.82875,1.837,1.1927,-0.16196,0.58423,0.96196,1.8333,-1.6207,0.27673,-1.3265,-0.37256,-0.73289,0.79421,-1.0202,0.20578,-0.80004,-2.7702,-1.4781,-0.60532,-0.64944,-1.4078,-1.024,-0.33023,-1.042,0.54045,0.15758,-0.93459,-0.90441,-1.1453,-1.3449,-2.3067,-0.5948,0.49815,0.16461,-0.37007,-0.14512,0.57382,0.19972,-0.20498,-2.6982,-0.95499,-1.5998,0.10761,1.3985,0.54491,0.1037,0.075187,-1.5295,-0.31226,0.51749,0.042934,-1.2953,0.67095,2.1452,-0.0369,0.2723,0.60375,0.36566,-0.38816,-0.54573,-1.3002,-0.60986,-3.608,-1.4138,0.889,-1.298,-0.39664,-1.5979,-0.15693,1.949,0.2404,1.3145,-0.78448,-0.11471,-1.8027,-0.10239,0.52026,0.7179,-0.39905,0.77725,-0.46675,1.0661,0.032622,-1.2864,-1.3738,-1.8946,-1.9738,1.1031,0.86078,1.2888,-0.72124,1.4646,0.010731,1.5917,-0.13405,0.6285,0.0246,-1.2635,0.72931,1.2558,-0.18887,-1.0112,-1.6588,-0.33753,-2.2579,-2.2915,-0.1868,-1.3657,-0.58372,0.22125,-0.078437,1.2208,0.28375,0.5606,0.2377,-2.3798,-0.16794,0.27314,0.05504,0.98142,0.40961,-0.59092,-1.0427,-0.29734,-0.56329,-0.15744,0.20243,-0.14834,-1.0115,0.5586,-0.29998,2.6842,-1.2143,-0.96483,1.276,-0.081056,1.2675,0.41469,-2.0448,-1.5619,-0.3061,-0.04266,0.48761,-1.753,-0.76675,-0.038417,1.8362,-0.58394,-0.81215,-1.8592,-0.20309,0.2763,0.13026,0.053389,0.59356,-1.0099,-1.6068,-0.43134,-1.7777,-1.058,0.19621,-0.55777,0.57805,1.2634,1.5716,-0.55499,-0.10268,1.3963,0.51746,1.0264,1.2264,-0.30122,-0.50829,2.3153,-0.54336,-1.5674,-1.1712,0.97283,0.67887,-1.1543,-3.182,-0.92294,-1.3184,-1.8862,-0.25377,0.066627,-1.6201,0.4832,1.1351,2.0902,3.1813,1.5649,-0.44872,-1.5465,0.14397,1.6896,1.2278,-0.49252,-0.66134,-0.70482,-0.72208,-0.079777,0.15929,-0.30484,-1.2941,-0.074378,0.94101,-0.31409,-0.15679,-1.5558,1.0516,-0.51813,0.4237,-1.2859,-0.592,-1.0741,-1.5138,-0.4938,0.49871,-0.9671
2.367,-0.00021821,-0.33552,-0.25721,0.87555,-2.0997,-1.5092,-1.1951,-1.3852,-1.0923,-0.44997,-0.51806,0.36112,0.63872,1.7006,0.79374,0.2391,-0.95084,-1.492,-1.7897,0.2464,0.18247,0.95756,0.85921,1.1556,0.23088,-0.29141,-0.91807,-0.39713,-0.83609,-1.2471,-0.92715,-0.93004,-0.92812,1.1097,0.20812,-0.18215,0.42157,0.40476,0.5079,-0.84956,1.1098,-1.3178,0.57008,-0.89919,0.51264,1.2456,-1.4119,1.2807,-0.14133,-1.3422,0.053698,1.8903,1.0015,0.69499,-1.7114,-2.3309,0.13215,-1.7517,0.21202,-0.83285,-2.2138,-1.2501,-1.0548,1.5867,1.3055,1.2004,-0.34755,-2.7065,-0.60566,1.2611,-0.078682,0.97881,-0.001955,0.38278,-0.32693,1.0309,0.88274,1.3133,-0.2259,-2.546,-0.58038,-1.5213,-0.56955,-1.4962,-1.3539,-0.29206,-0.12885,2.3984,1.3221,0.18263,-0.96585,1.895,-0.26155,-0.47492,-0.63414,0.23528,0.085881,-1.4546,0.34887,1.1764,0.71301,0.37804,1.0087,-0.75138,1.7195,0.2243,-1.1786,-1.2,-1.5344,-1.0792,-1.2513,-0.65747,-2.9422,-0.19126,0.26074,0.28018,1.6992,2.2849,-0.60989,0.21926,0.2731,-2.2321,-0.03767,1.3241,1.0094,1.4098,-0.89102,-1.8556,-1.3421,0.7015,-1.2091,-1.2174,-0.73406,-0.66345,0.26075,-1.0143,-0.029123,-0.83544,0.87476,-0.27929,-0.35758,2.3169,1.2784,1.7558,1.4392,0.76814,0.68733,-0.38389,-1.5433,-1.5754,0.11324,-1.1136,-0.48967,-0.27344,0.1689,0.057169,0.12517,-1.8349,-0.1382,1.3476,-0.29836,-0.35062,-0.20552,2.454,1.0309,-0.37992,3.069,0.29635,1.6526,0.84428,-0.5826,-0.82813,-2.218,-1.4239,-1.072,0.61464,0.0077295,-2.1847,0.4266,0.28277,-0.68756,0.9442,1.3367,1.0566,-1.1926,-1.2037,0.34236,-0.75015,-1.115,0.52132,0.95784,0.23816,-0.88411,-0.64547,1.4511,0.77512,1.7477,-0.53438,0.46878,-1.049,-1.1302,0.15886,-0.79993,0.77298,0.3107,1.6626,0.1837,-1.2048,-0.78797,0.21878,0.62913,1.2655,-1.2229,1.4648,0.46305,-2.1943,2.3937,-2.061,-0.72107,0.79187,-0.58305,-0.01322,-1.7681,0.34819,-0.36503,0.24775,0.1749,-1.2794,0.32631,0.13032,-1.9839,0.50179,-0.82291,-0.21716,0.44684,0.28224,2.4361,0.86799,0.4063,-1.2626,-0.936,-0.29088,-1.9909,-2.9775,0.41841,-0.47471,0.6029,0.8707,-1.5066,0.45881,0.24143,1.8587,1.2135,-1.2601,-0.10072,0.89831,0.29016,-0.0039654,-0.29415,-0.38153,-1.8411,-1.9528,-1.996,1.3983,0.34041,-0.8167,0.33569,0.35258,0.48107
0.25647,0.80152,-0.43616,1.3262,0.71014,2.2414,1.565,1.7128,-0.88237,-0.51663,-0.057174,0.53011,1.2434,-0.77833,2.1952,1.6515,-0.63137,-0.044249,-1.0193,-1.3712,-0.89318,-0.97531,-0.89604,1.0164,0.54101,1.7841,0.25798,0.78128,0.15567,1.1453,-0.12216,-0.03811,-0.98921,0.24188,0.66465,-1.3679,-0.13144,-0.59906,0.35647,1.2828,-0.64974,-0.19255,-0.5396,-1.0813,-0.45062,0.13267,1.0792,0.12206,0.8719,2.0136,0.51632,0.26292,-0.51567,0.89593,-2.0609,0.86489,0.17838,-0.81325,0.89504,2.3182,2.1029,1.5108,-1.4912,-2.0751,-0.73525,-2.3699,1.0603,-0.28209,1.5807,0.17301,1.6369,2.3334,2.4926,-1.0869,1.0493,0.088229,0.3925,0.11795,2.2837,2.1068,-0.38917,-0.41879,1.2689,1.2127,-1.4317,-0.90116,-1.0723,-2.3552,-0.94709,-2.4131,-1.815,-3.2027,-0.3664,-0.053708,0.40398,-0.03248,-0.12403,0.83644,0.99892,-0.0739,2.7663,0.39139,-0.78219,1.489,0.56464,1.7329,-0.83945,-0.85174,2.7372,0.69596,-0.059561,0.072746,-1.1457,-1.5473,-1.2081,1.1788,0.31205,0.9324,0.48874,0.78125,0.84839,0.39706,-1.2358,-0.88341,-0.15183,0.076914,0.92611,-1.3011,-1.351,-0.16174,-0.56859,-1.2123,0.39053,-0.27587,0.17874,0.19075,0.057641,1.2847,2.2378,3.0732,0.90159,-0.4898,-1.4766,-1.4569,-1.4131,-0.38142,0.024599,2.2501,-1.1813,0.55682,-1.176,-2.1556,-0.77888,-0.41601,-0.8561,-0.95828,1.0866,0.8922,0.98704,0.80065,0.83864,-0.18203,0.042068,2.0839,0.17393,1.7392,0.68633,1.6986,1.649,-0.25621,-0.81265,0.9894,-1.3893,-1.08,-0.13501,-1.587,0.17372,0.59679,1.6049,1.3233,-0.90779,1.0338,-1.3289,-0.52109,-0.74612,2.3349,0.64249,-0.53923,1.6034,-1.9475,-0.50622,-2.3502,-0.23787,-1.041,-0.58844,-0.50133,-1.1811,-2.3482,-0.8175,0.80704,2.0097,-1.13,0.73686,0.81725,-0.50354,-0.39267,-0.76725,-0.87638,-4.2398,-2.9004,-0.43907,-0.24978,0.85372,0.16102,0.34089,0.8086,-0.82617,0.57583,1.8021,1.5308,0.87818,0.97862,-0.98214,2.0008,-0.28732,0.89878,1.8335,2.3647,1.9238,1.4001,-0.86143,-0.2484,-0.71866,-0.43247,-1.573,0.87979,0.93632,0.88361,1.3623,-0.2699,0.54985,-0.25963,0.012388,0.81816,0.32345,-2.1313,-1.7303,-1.4627,0.33239,-1.2915,0.13294,-0.76134,-0.30192,-1.6397,-2.0594,-0.61306,0.03772,2.0808,0.77333,0.26745,1.7304,-0.4447,0.087473,1.6693,0.4002,0.18039,-1.6572,-0.66241,1.3246,0.7233
1.1383,-0.61738,0.74895,2.4177,-0.60975,1.4292,0.019337,1.0275,-0.90875,0.68081,0.16035,-0.87961,0.30531,-0.49462,-0.042396,-1.7615,-0.44283,-0.67082,-1.1407,-0.19472,0.1424,0.073188,-1.6851,-1.2365,-0.045128,-1.5464,-1.5855,-0.43037,-0.9039,-3.225,-0.25418,-1.8431,1.3708,0.04352,-1.8129,-0.11148,0.73228,0.17978,0.27989,-0.082502,2.3164,0.33327,-1.0397,-1.8585,-1.6009,-0.00242,-2.132,1.6668,2.2029,0.86967,-0.51662,0.22181,0.25268,0.23016,0.33317,0.23741,-1.0625,-0.34829,0.57419,-2.2671,-0.33902,-2.3726,-1.6174,-0.97093,-0.42696,-1.3172,0.17863,-0.77656,-0.05811,-0.91578,-0.57731,0.49268,-3.4442,-0.26978,-1.4325,-1.1667,0.66679,2.4727,0.06236,0.2915,1.3139,0.41965,0.6753,1.0107,1.7058,0.59324,1.4643,0.80026,0.37484,1.4845,1.1977,-0.93927,-1.0682,-0.93598,-1.0615,-1.6104,-1.3698,-0.7691,1.2005,0.26486,0.84184,0.3186,0.45238,-0.21325,1.0601,-0.83957,-1.0209,1.8351,0.53455,2.0348,-0.24229,-0.43968,1.73,0.52453,1.016,0.10293,-1.2985,0.28962,0.66217,0.26405,-0.47219,1.6005,-0.21631,-1.3539,1.6476,0.26407,0.38665,1.7831,1.3441,0.083545,0.25179,1.8254,-0.29909,-0.87812,-0.72736,-0.28604,-0.31263,0.60251,-1.3932,1.1469,-0.75701,1.3882,-1.5173,-1.9092,-0.58923,0.73639,1.7943,1.2248,-0.11495,3.085,-0.18588,-0.32555,-0.19704,-0.63746,0.82868,1.2267,-0.51859,0.51291,-0.5589,-1.5623,-0.29538,0.12832,2.0117,1.0233,2.7621,0.7972,-0.54824,1.506,-0.35026,0.82874,0.088893,2.8072,1.2276,-1.6016,0.041634,-0.99414,0.5687,-0.25886,-0.72283,1.5402,-0.056681,0.58561,-1.5273,-1.8936,-1.2019,-0.33351,-0.45387,1.9445,1.1883,0.36834,-1.4191,1.8352,0.019454,2.4874,1.1105,0.31826,0.27994,0.3833,-2.112,-0.97901,0.74038,0.2797,-0.6552,-0.67096,0.83423,0.42197,0.2459,0.31478,1.2671,1.2738,-0.68939,1.9684,0.32137,-0.44586,-1.2446,-2.1551,-2.06,0.12161,-1.0091,0.034137,1.0153,1.2837,-0.99603,-1.3372,-0.2464,-0.80257,-2.5688,-1.1113,-3.4059,-0.11695,0.29374,0.86387,-2.4311,-0.002125,-1.1156,-1.0173,-0.47875,-0.09208,-0.093038,1.795,-0.27072,-0.89492,-1.4144,-0.81804,-0.3086,0.060571,2.022,0.94689,-0.89056,-0.80631,-0.45214,-0.95067,0.070802,-1.954,-1.5361,2.1076,-1.0307,-0.053621,-0.38473,0.93028,0.54824,1.8231,2.3308,-0.063432,0.79815,0.26978,-1.6408,-1.2207,0.62253,-1.1742
-0.16811,-0.42302,-1.1498,1.7176,1.7814,0.022164,0.38119,-2.3828,-1.3032,0.76013,1.1883,2.1086,0.53847,-0.1613,-1.0661,-2.1801,-0.48841,0.75184,-0.63783,-0.82231,0.2852,-1.3264,-0.86331,-1.5249,0.61437,-2.0127,-2.0996,-1.1471,0.71428,0.43347,0.34892,0.88386,0.29229,0.27715,-1.7448,-0.22523,-0.99676,-0.24373,-0.15506,-1.5996,0.3889,-0.027871,-0.99921,0.57201,-0.55715,0.73349,0.46906,1.5463,2.2629,-0.458,-0.069019,1.19,0.99906,-1.0172,1.5841,2.1021,-1.3888,-0.50058,-1.5177,-1.7245,0.58118,0.62183,-0.71434,-0.68406,-1.3454,-0.0088814,-0.022051,-0.075393,-0.25779,-0.97926,-1.2084,0.16217,-0.74809,-1.486,0.29246,0.1004,-0.17227,1.0368,1.8229,-0.16912,0.057026,-2.7857,0.44973,-1.8668,-1.742,-1.9,-0.65984,0.14686,-0.58806,-0.29129,-0.70046,0.11644,-0.92707,0.90507,-0.18942,-0.51507,0.6129,-1.5074,0.23339,-0.78486,0.039233,1.0723,0.20123,0.15488,-0.83794,-0.29876,0.4085,0.74522,0.68812,-0.59019,-0.52822,-0.7803,-0.71262,0.13564,1.4357,-0.19148,1.3143,-0.12414,-1.7529,-0.8492,0.027474,0.61788,0.45824,0.02717,1.7153,0.1678,2.3636,0.27337,-1.1444,0.8369,0.37165,1.0918,-2.1619,-2.4748,-0.14082,-0.87452,-0.12061,-1.8414,0.57919,0.41727,0.41169,0.71299,0.97889,0.4829,-0.019059,0.01283,0.47568,1.7876,1.4443,-1.2613,-1.712,-0.73009,-1.5474,1.9431,-0.90162,-0.35105,-0.80476,-0.54303,2.2465,0.080975,0.77573,0.96214,0.54122,0.20322,-0.18549,0.15616,1.1192,1.9891,0.29696,-0.90922,0.61287,1.4803,-0.31835,-1.0361,-0.48952,0.6983,0.21445,-0.053424,-0.26868,0.2338,1.8194,-0.54452,0.31894,0.66553,0.22741,-0.93607,0.16873,-1.5524,-0.32682,-0.15169,0.27256,1.1427,1.1488,2.1415,0.71938,1.4039,0.091707,0.32051,0.91884,0.78089,0.73946,1.2156,0.95369,-2.48,-0.14967,1.0679,-2.007,-0.80995,-1.2748,-1.4266,-0.23754,0.36334,-0.10608,-0.70752,0.21948,1.4556,-0.40775,1.6202,1.4352,-0.72392,1.7691,1.2771,-0.58555,-1.1173,-0.6912,-1.4354,-0.6884,-1.7735,0.56501,-1.042,-1.8192,-0.47169,-0.93052,0.0091085,-1.4926,0.28143,1.1349,0.30193,0.55936,1.4453,2.1663,2.4345,-0.11074,0.21878,-0.055594,-0.42856,-0.22758,-0.23127,-2.2575,-1.4352,-1.7954,0.080083,0.6442,-0.49265,1.0209,2.078,-1.9318,-0.63363,-2.1793,-1.6076,-0.017821,1.0446,0.66002,1.136,-0.48123,0.37917,-0.49383,-0.76486,-0.81238,-0.30976
0.78628,-1.3553,0.7174,0.90189,0.35684,0.2372,-0.27721,-0.55329,-0.3886,-0.10652,0.43536,1.1034,0.12694,-0.3126,-1.0695,-0.49697,-3.9629,0.067575,-0.1051,-0.45804,1.1674,-0.20106,0.50929,-0.91782,-1.2775,-1.3233,-1.2579,-0.71686,-1.0162,-1.5889,-0.22215,-0.16326,0.76518,0.1507,-1.3488,-0.241,-0.59216,-0.44033,0.52508,0.71194,-0.47625,-1.1824,-1.2801,-0.82483,-0.85411,-1.8598,0.4213,-0.092315,-0.61911,-0.2731,-0.17948,1.2404,0.52595,0.87042,1.6274,1.509,1.5288,0.63759,0.62377,0.94,0.21423,-1.1731,0.46803,-0.23286,-0.23598,1.1675,-0.13128,0.24293,0.36301,-1.7189,-0.27513,0.3238,0.079143,-1.6393,-2.097,-0.85196,0.37338,1.0388,-0.014497,-0.78326,-0.61401,0.45473,-1.1938,-0.51521,-0.51302,-1.9062,-1.4327,-1.0947,-0.39962,0.35629,-0.63081,-1.9233,-0.45248,1.3196,0.02846,-0.0022245,-0.095086,-0.93325,0.92995,-0.62826,0.87408,1.2233,1.3514,-0.46995,0.95114,-0.3475,-0.29889,0.55915,-1.9708,0.83312,1.0694,-0.041472,-1.0257,0.45386,1.4766,-0.51684,1.5742,-1.4965,0.94566,0.11991,1.2453,0.075537,1.1179,-0.80546,-1.2556,0.53176,0.52807,1.0955,1.5643,0.52832,-0.010438,1.7535,0.88622,1.3878,-0.083721,0.25075,-0.6794,0.49035,-0.63201,-1.5029,-0.41714,-0.74535,-0.45111,0.20479,-0.34618,0.4356,0.69831,0.67419,0.51708,1.327,0.46498,0.3958,1.6949,0.74831,-0.60534,0.078481,-0.43222,-0.94251,0.9996,-1.3449,-1.8312,0.060781,0.33898,-0.39894,-1.5428,-0.066494,1.3523,0.77594,0.66241,0.39067,0.33485,2.2743,0.81756,-1.1118,-1.3124,1.1548,1.4578,-0.79203,-0.070423,0.20655,-1.3524,-0.2533,0.29606,0.46896,1.3681,0.054596,-0.88034,-0.51135,-0.70219,-0.3141,-0.87002,-0.13963,-1.8806,-0.89943,0.39727,-3.6082,1.7337,0.96476,0.7872,-0.010871,-0.66247,0.052364,-0.78157,0.27869,-0.17013,1.4556,1.2489,0.48445,0.036225,1.2713,-0.62788,-2.5804,0.12093,0.17661,0.44279,0.99078,0.9204,-0.31295,-1.7981,-1.5699,-0.46741,1.0236,-0.68497,-0.13509,1.1924,0.66129,0.52518,0.17369,-1.5271,0.13839,-1.0014,-0.2462,-1.2993,-1.729,0.48581,-2.2673,-1.7125,0.99536,0.19652,-0.6933,0.94568,0.51638,2.093,0.22102,0.067993,-1.3891,-1.1581,0.85635,0.82774,-1.2233,-1.0522,-0.99452,-0.65926,-0.11392,0.73604,1.3368,0.88643,-0.53499,-0.73081,-1.1218,0.065556,-2.4923,-0.5237,-0.36004,0.63899,1.4262,0.57047,0.78931,-0.24946,0.72638
1.3408,-0.40266,0.39403,-0.50299,0.65602,-0.28193,-0.88331,-2.6882,-1.4791,0.45087,-0.63522,1.3998,0.84702,-0.57556,-0.58649,-0.35012,0.62311,2.2809,0.61517,1.6531,1.0652,1.557,0.77754,-0.58419,1.6517,-0.2443,-1.0829,-0.44315,0.054578,-0.24353,0.62007,0.15984,-0.19258,-0.20361,-0.61174,-1.2722,-1.2503,1.0838,0.15556,-1.1663,-0.82735,-0.19118,0.29059,0.22573,-1.9614,2.7522,-0.08002,-0.55586,-0.099128,1.6248,0.50722,1.1906,0.64611,0.90427,-0.79595,0.022847,0.19703,1.4308,-0.33539,-1.3306,-0.74307,-1.0427,-0.056484,-0.12234,-1.2656,-0.32259,-1.8837,0.921,-0.19895,0.5436,0.71286,-0.36023,-2.1757,-0.60878,-1.1364,0.36265,0.28285,-1.301,-1.2791,0.24087,-0.055228,-0.47384,-1.988,0.76191,-1.6925,-0.28565,1.2673,1.8123,0.83141,1.0201,0.34602,-0.86872,-0.63282,0.46402,-0.54758,0.52538,-0.0088336,-0.38323,1.0447,-0.45266,-1.1119,0.76521,0.47463,-0.24659,0.001831,-0.64377,0.1031,1.2578,-1.5285,-0.85629,0.94013,1.8213,1.3289,3.463,0.66038,0.11101,-0.22544,-0.39888,0.36063,-0.085188,1.0577,-1.0857,-1.9495,-0.8894,-0.80769,-0.74108,2.0393,-0.2296,-2.0181,-0.8592,-0.32146,0.88338,1.1255,-0.54098,0.97284,0.625,0.22462,-0.7067,1.9717,-0.91224,0.65992,-0.51889,0.50697,0.9255,0.38092,-2.24,-1.5626,-0.68103,-1.3343,-1.2328,2.2853,-1.2422,-0.5599,-0.61432,0.44004,0.82286,-1.1307,0.4017,1.6637,0.12678,-1.3718,-0.83585,-1.4708,-1.8287,0.04134,0.90961,0.27489,1.3173,-0.87988,-0.59375,-0.65775,-1.8081,0.37068,0.585,-0.09602,0.12035,0.29877,1.9235,0.41684,0.74853,1.0933,0.83919,-1.1901,0.67445,-0.14823,-0.2466,0.77713,0.26529,1.8282,1.3455,0.072174,-1.8594,-1.66,1.3014,1.0655,-0.12393,0.52127,0.20131,-0.38266,-0.060555,-0.53564,-0.034419,-0.60053,-0.72425,-0.067584,-0.47309,1.1711,0.72084,-0.56453,-0.32313,1.2377,0.18287,1.5831,0.046014,0.44564,0.33993,-1.1108,-0.91406,-2.9608,-0.10015,-0.42873,-0.060031,0.22283,-0.12119,1.7429,1.5364,0.99653,-0.47304,-0.7368,-1.7722,-1.2035,-0.1649,0.46166,0.23605,-1.3213,0.68791,-1.4198,-0.27607,-0.91188,-1.7858,-0.1436,-2.1576,-1.7723,-1.1686,-0.67731,1.0593,0.6109,1.2787,-0.34823,0.27025,0.41373,0.23426,-0.65009,-2.4646,-1.3354,0.57372,1.0636,-0.11625,-0.021012,-1.175,0.0075272,-0.91341,0.053662,-1.5364,-0.46086,0.10756,0.73601,0.22843,0.22779,1.9563
-0.042811,0.40494,0.34968,-0.07957,1.2085,-0.25375,-0.88634,-2.827,-0.73741,1.4086,0.77374,-0.095261,-0.59639,-0.76734,-0.37801,-2.0765,0.40566,1.0103,-0.44661,-1.1129,0.60691,-0.94654,-1.1282,-0.64412,-1.7667,-1.8438,-1.3492,0.90142,0.89809,2.5155,1.2374,0.24275,0.24018,-0.11089,-0.13657,-1.3928,-1.0512,0.47065,0.75901,-0.41817,-0.79007,-0.1268,0.035497,0.024933,2.1155,-0.81334,-0.96521,-0.46927,-2.861,-1.1452,1.1186,0.85963,-0.16734,0.10204,0.43089,1.4751,-1.038,-0.1951,-1.159,0.58633,0.010548,0.010715,1.1298,0.96462,0.15385,-0.47235,-2.0319,-2.155,1.9039,-0.099231,-0.15155,-0.17124,0.62531,1.3853,0.41803,1.863,1.641,-1.1751,0.030328,0.40876,-0.57346,-0.68255,-1.2203,-0.59052,-1.5488,-0.49701,-0.17168,-0.072981,-0.47955,-1.4759,1.4886,-1.1386,-1.2357,0.070006,0.04531,-0.73228,-1.3352,0.40113,1.2293,-0.56749,1.4382,0.77952,-0.43588,-1.1587,-0.75986,-0.49538,-1.2153,1.4916,1.3313,2.3087,2.6368,0.62018,-0.18232,-0.37442,-0.25358,0.85539,-0.022287,-0.75189,-0.091041,0.051548,1.7062,0.68694,0.57859,0.30347,-0.94761,0.13133,-0.61902,-0.21371,-0.91803,-0.093941,1.5661,0.79455,-0.60216,0.5454,0.80678,0.62112,1.0614,0.73688,0.31174,-0.21581,-0.7824,-1.0972,-0.92684,0.01099,0.51151,0.22365,-0.86097,2.001,-0.58685,0.74054,0.59054,-0.16012,0.35215,-0.025098,-1.1912,0.0087841,2.4964,1.007,0.004362,0.87537,-1.5768,0.86555,1.9407,1.7614,0.89174,1.4862,1.6676,-0.079434,2.0338,-2.0829,0.20994,-0.50864,0.05595,-0.64676,1.3229,-1.156,-0.95231,0.42349,2.2026,0.76458,2.8977,-0.42772,0.59379,-0.88078,1.8636,-1.027,-1.0713,-1.775,-1.6148,-1.5719,-1.0083,-0.88838,0.34234,0.69851,0.070885,-0.59687,-0.3957,0.044121,1.0597,0.72697,-1.6096,-1.9891,-1.7089,-2.3524,-2.8124,-1.0075,-0.26796,-0.048187,0.093126,-0.41562,0.16781,1.1005,0.68363,-0.92429,0.071469,0.058702,-1.3531,-1.0606,0.066054,-0.28952,-0.57016,0.6257,3.7259,0.8184,1.1838,0.50891,1.8437,2.3461,0.81407,0.1299,0.10739,-2.176,0.38155,-0.49355,0.60173,-0.88717,-0.089497,1.4454,0.7495,0.11364,0.28174,0.33523,0.21383,-0.34822,-0.98706,0.33554,-1.719,1.5354,-0.075716,-0.82519,0.53613,-0.025434,0.96483,-1.9328,0.59791,0.91391,1.5383,1.3767,1.1216,0.019562,1.3992,0.97181,0.34649,-1.0506,0.6877,1.087,2.2062,-0.80022,2.8592,1.5061
